{"cameraMode":{"drawMode":0,"name":"Shaded","section":"Shading Mode"},"sceneLighting":false,"audioPlay":false,"sceneViewState":{"showFog":true,"showMaterialUpdate":false,"showSkybox":true,"showFlares":true,"showImageEffects":true,"showParticleSystems":true},"in2DMode":false,"pivot":{"x":-9.481024742126465,"y":4.329999923706055,"z":9.89416217803955},"rotation":{"x":-0.3054330348968506,"y":0.2562403678894043,"z":-0.08571524918079376,"w":-0.9130741953849793},"size":0.8573638796806336,"orthographic":false}