{"cameraMode":{"drawMode":0,"name":"Shaded","section":"Shading Mode"},"sceneLighting":false,"audioPlay":false,"sceneViewState":{"showFog":true,"showMaterialUpdate":false,"showSkybox":true,"showFlares":true,"showImageEffects":true,"showParticleSystems":true},"in2DMode":false,"pivot":{"x":-6.932000160217285,"y":0.9039999842643738,"z":2.179072856903076},"rotation":{"x":0.008725267834961415,"y":-0.7214659452438355,"z":-0.009092253632843495,"w":-0.692335307598114},"size":0.8573656678199768,"orthographic":false}